Workbook

Sheet Summary
A1: Project tracker
A2: Status counts and hours come from the Tasks sheet; the red rows there are late.
A4: Status | B4: Tasks | C4: Hours left | E4: Owner | F4: Remaining (h)
A5: Not started | B5: =COUNTIF(Tasks!$D:$D,A5) -> 5 | C5: =SUMIFS(Tasks!$I:$I,Tasks!$D:$D,A5) -> 120 | E5: Maya | F5: =SUMIFS(Tasks!$I:$I,Tasks!$C:$C,E5) -> 35.2
A6: In progress | B6: =COUNTIF(Tasks!$D:$D,A6) -> 4 | C6: =SUMIFS(Tasks!$I:$I,Tasks!$D:$D,A6) -> 46.2 | E6: Omar | F6: =SUMIFS(Tasks!$I:$I,Tasks!$C:$C,E6) -> 55
A7: Blocked | B7: =COUNTIF(Tasks!$D:$D,A7) -> 1 | C7: =SUMIFS(Tasks!$I:$I,Tasks!$D:$D,A7) -> 22.4 | E7: Priya | F7: =SUMIFS(Tasks!$I:$I,Tasks!$C:$C,E7) -> 49.6
A8: Done | B8: =COUNTIF(Tasks!$D:$D,A8) -> 4 | C8: =SUMIFS(Tasks!$I:$I,Tasks!$D:$D,A8) -> 0 | E8: Lucas | F8: =SUMIFS(Tasks!$I:$I,Tasks!$C:$C,E8) -> 40.8
E9: Ines | F9: =SUMIFS(Tasks!$I:$I,Tasks!$C:$C,E9) -> 8
A10: Total | B10: =SUM(B5:B8) -> 14 | C10: =SUM(C5:C8) -> 188.6
A12: Complete | B12: =SUMPRODUCT(Tasks!G2:G15,Tasks!H2:H15)/SUM(Tasks!G2:G15) -> 0.39936306
A13: Late tasks | B13: =COUNTIF(Tasks!K2:K15,TRUE) -> 2
A14: Next due | B14: =INDEX(Tasks!B2:B15,MATCH(_xlfn.MINIFS(Tasks!F2:F15,Tasks!D2:D15,"<>Done"),Tasks!F2:F15,0)) -> Data model

Sheet Tasks
A1: ID | B1: Task | C1: Owner | D1: Status | E1: Start | F1: Due | G1: Estimate (h) | H1: Done | I1: Remaining (h) | J1: Days left | K1: Late
A2: T-01 | B2: Kick-off and scope | C2: Ines | D2: Done | E2: 46266 | F2: 46268 | G2: 8 | H2: 1 | I2: =G2*(1-H2) -> 0 | J2: =IF(D2="Done","",F2-TODAY()) | K2: =AND(D2<>"Done",F2<TODAY()) -> FALSE
A3: T-02 | B3: User research | C3: Maya | D3: Done | E3: 46267 | F3: 46275 | G3: 24 | H3: 1 | I3: =G3*(1-H3) -> 0 | J3: =IF(D3="Done","",F3-TODAY()) | K3: =AND(D3<>"Done",F3<TODAY()) -> FALSE
A4: T-03 | B4: Wireframes | C4: Maya | D4: Done | E4: 46273 | F4: 46280 | G4: 20 | H4: 1 | I4: =G4*(1-H4) -> 0 | J4: =IF(D4="Done","",F4-TODAY()) | K4: =AND(D4<>"Done",F4<TODAY()) -> FALSE
A5: T-04 | B5: API design | C5: Omar | D5: Done | E5: 46273 | F5: 46279 | G5: 16 | H5: 1 | I5: =G5*(1-H5) -> 0 | J5: =IF(D5="Done","",F5-TODAY()) | K5: =AND(D5<>"Done",F5<TODAY()) -> FALSE
A6: T-05 | B6: Data model | C6: Priya | D6: In progress | E6: 46277 | F6: 46287 | G6: 24 | H6: 0.7 | I6: =G6*(1-H6) -> 7.2 | J6: =IF(D6="Done","",F6-TODAY()) -> -6 | K6: =AND(D6<>"Done",F6<TODAY()) -> TRUE
A7: T-06 | B7: Auth and roles | C7: Omar | D7: In progress | E7: 46280 | F7: 46291 | G7: 30 | H7: 0.5 | I7: =G7*(1-H7) -> 15 | J7: =IF(D7="Done","",F7-TODAY()) -> -2 | K7: =AND(D7<>"Done",F7<TODAY()) -> TRUE
A8: T-07 | B8: Visual design | C8: Maya | D8: In progress | E8: 46281 | F8: 46295 | G8: 32 | H8: 0.4 | I8: =G8*(1-H8) -> 19.2 | J8: =IF(D8="Done","",F8-TODAY()) -> 2 | K8: =AND(D8<>"Done",F8<TODAY()) -> FALSE
A9: T-08 | B9: Import pipeline | C9: Priya | D9: Blocked | E9: 46283 | F9: 46297 | G9: 28 | H9: 0.2 | I9: =G9*(1-H9) -> 22.4 | J9: =IF(D9="Done","",F9-TODAY()) -> 4 | K9: =AND(D9<>"Done",F9<TODAY()) -> FALSE
A10: T-09 | B10: Reporting screens | C10: Omar | D10: Not started | E10: 46294 | F10: 46310 | G10: 40 | H10: 0 | I10: =G10*(1-H10) -> 40 | J10: =IF(D10="Done","",F10-TODAY()) -> 17 | K10: =AND(D10<>"Done",F10<TODAY()) -> FALSE
A11: T-10 | B11: Test plan | C11: Lucas | D11: In progress | E11: 46285 | F11: 46293 | G11: 12 | H11: 0.6 | I11: =G11*(1-H11) -> 4.8 | J11: =IF(D11="Done","",F11-TODAY()) -> 0 | K11: =AND(D11<>"Done",F11<TODAY()) -> FALSE
A12: T-11 | B12: Regression suite | C12: Lucas | D12: Not started | E12: 46300 | F12: 46315 | G12: 36 | H12: 0 | I12: =G12*(1-H12) -> 36 | J12: =IF(D12="Done","",F12-TODAY()) -> 22 | K12: =AND(D12<>"Done",F12<TODAY()) -> FALSE
A13: T-12 | B13: Performance pass | C13: Priya | D13: Not started | E13: 46307 | F13: 46319 | G13: 20 | H13: 0 | I13: =G13*(1-H13) -> 20 | J13: =IF(D13="Done","",F13-TODAY()) -> 26 | K13: =AND(D13<>"Done",F13<TODAY()) -> FALSE
... A15: T-14 | B15: Docs and help | C15: Maya | D15: Not started | E15: 46310 | F15: 46323 | G15: 16 | H15: 0 | I15: =G15*(1-H15) -> 16 | J15: =IF(D15="Done","",F15-TODAY()) -> 30 | K15: =AND(D15<>"Done",F15<TODAY()) -> FALSE

Sheet Team
A1: Name | B1: Role | C1: Hours a week | D1: Open tasks | E1: Open hours | F1: Load | H1: Name | I1: Open hours
A2: Maya | B2: Design | C2: 30 | D2: =COUNTIFS(Tasks!$C:$C,A2,Tasks!$D:$D,"<>Done") -> 2 | E2: =SUMIFS(Tasks!$I:$I,Tasks!$C:$C,A2) -> 35.2 | F2: =IFERROR(E2/(C2*2),0) -> 0.58666667 | H2: =A2 -> Maya | I2: =E2 -> 35.2
A3: Omar | B3: Engineering | C3: 40 | D3: =COUNTIFS(Tasks!$C:$C,A3,Tasks!$D:$D,"<>Done") -> 2 | E3: =SUMIFS(Tasks!$I:$I,Tasks!$C:$C,A3) -> 55 | F3: =IFERROR(E3/(C3*2),0) -> 0.6875 | H3: =A3 -> Omar | I3: =E3 -> 55
A4: Priya | B4: Engineering | C4: 40 | D4: =COUNTIFS(Tasks!$C:$C,A4,Tasks!$D:$D,"<>Done") -> 3 | E4: =SUMIFS(Tasks!$I:$I,Tasks!$C:$C,A4) -> 49.6 | F4: =IFERROR(E4/(C4*2),0) -> 0.62 | H4: =A4 -> Priya | I4: =E4 -> 49.6
A5: Lucas | B5: QA | C5: 35 | D5: =COUNTIFS(Tasks!$C:$C,A5,Tasks!$D:$D,"<>Done") -> 2 | E5: =SUMIFS(Tasks!$I:$I,Tasks!$C:$C,A5) -> 40.8 | F5: =IFERROR(E5/(C5*2),0) -> 0.58285714 | H5: =A5 -> Lucas | I5: =E5 -> 40.8
A6: Ines | B6: Product | C6: 25 | D6: =COUNTIFS(Tasks!$C:$C,A6,Tasks!$D:$D,"<>Done") -> 1 | E6: =SUMIFS(Tasks!$I:$I,Tasks!$C:$C,A6) -> 8 | F6: =IFERROR(E6/(C6*2),0) -> 0.16 | H6: =A6 -> Ines | I6: =E6 -> 8
